level,ipaddress,mass,communityid
0,10.30.66.1,9,10
1,10.30.251.10,5,10
2,10.30.199.2,2,10
3,10.30.223.22,24,7
4,10.30.66.21,2,10
5,10.30.66.35,2,10
6,10.30.66.22,3,10
7,10.201.201.15,24,0
8,10.201.203.1,1,10
9,10.201.203.2,1,10
10,10.30.99.77,1,10
10,147.225.209.126,1,10
10,152.161.129.25,2,10
10,69.82.72.200,295,2
11,10.32.223.21,3,16
11,10.32.223.22,1,7
12,10.32.193.1,2,16
12,10.32.252.194,2,16
12,10.96.193.17,284,1
12,10.96.252.193,2,16
13,10.32.252.202,1,16
14,10.30.66.23,2,10
15,10.30.223.1,103,4
15,10.30.223.5,1,10
15,10.30.251.2,1,10
16,10.10.147.226,244,3
16,32.5.150.165,1,7
16,32.5.150.166,1,7
17,10.252.2.33,38,0
18,10.30.66.20,2,10
19,10.32.252.38,1,16
20,10.252.2.21,36,0
21,10.96.252.33,1,16
22,10.30.66.24,2,10
22,10.96.252.37,1,16
23,10.32.252.46,1,16
24,10.30.223.241,2,5
24,10.30.99.78,1,10
24,166.185.104.12,103,5
25,10.218.251.129,1,7
25,10.250.253.161,1,7
25,10.250.253.162,1,7
25,148.73.5.67,1,7
25,148.78.129.5,43,6
26,166.185.104.3,1,5
27,147.225.209.125,1,10
28,166.185.104.2,1,5
29,10.230.82.22,11,9
29,10.30.199.3,1,10
29,10.30.251.21,1,10
30,10.252.2.59,14,0
31,10.224.0.34,3,9
32,10.10.191.180,23,9
32,10.224.0.6,1,9
32,10.224.0.82,1,9
33,10.10.144.253,1,10
33,10.10.144.94,1,10
33,10.10.148.2,2,12
33,10.140.0.25,18,10
33,10.140.0.26,1,10
33,10.30.99.94,1,10
34,10.10.184.36,17,12
34,32.243.159.25,1,7
34,32.243.159.26,1,12
35,10.10.180.4,16,15
35,10.252.4.58,16,0
35,10.252.4.82,1,0
36,10.10.176.68,15,14
36,10.252.3.66,1,0
37,10.10.144.137,1,4
37,10.10.144.138,1,18
37,10.10.144.142,1,18
37,10.10.176.100,12,17
37,10.10.176.196,12,21
37,10.10.176.52,12,18
37,10.10.178.164,12,22
37,10.252.4.106,1,0
37,10.252.4.130,1,0
37,10.252.4.146,1,0
38,10.10.145.114,1,4
38,10.10.145.118,1,26
38,10.10.147.194,1,4
38,10.10.147.198,10,24
38,10.10.147.249,2,4
38,10.10.177.4,10,27
38,10.10.184.52,10,26
38,10.252.2.38,10,0
38,10.252.3.122,1,0
39,10.10.147.102,1,19
39,10.10.147.97,1,4
39,10.10.147.98,1,19
39,10.10.176.132,9,0
39,10.10.178.36,9,23
39,10.10.184.164,9,25
39,10.10.184.4,9,19
39,10.252.3.18,1,0
39,10.252.3.34,1,0
39,10.252.5.58,9,0
40,10.10.177.84,8,0
40,10.10.178.52,8,0
40,10.10.180.68,8,28
40,10.252.3.114,1,0
40,10.252.3.74,1,0
40,10.252.3.82,1,0
40,10.30.223.18,2,3
40,10.32.193.18,8,16
41,10.10.177.116,7,0
41,10.252.3.26,1,0
41,10.252.4.114,7,0
41,10.252.4.90,7,0
42,10.10.148.49,1,4
42,10.10.148.50,1,32
42,10.10.148.54,6,32
42,10.10.176.36,6,0
42,10.10.176.84,6,0
42,10.10.178.84,6,0
42,10.10.184.228,6,29
42,10.10.185.164,6,33
42,10.250.245.38,1,7
42,10.252.231.1,1,4
42,10.252.231.2,1,33
42,10.252.250.25,1,4
42,10.252.250.26,1,29
42,10.252.3.10,1,0
42,10.252.3.98,1,0
42,10.252.5.34,1,0
42,10.30.66.36,6,10
42,10.30.99.13,1,10
42,10.31.66.47,6,60
42,10.31.99.1,1,60
42,32.2.240.242,1,4
43,10.10.144.145,1,4
43,10.10.144.146,1,36
43,10.10.144.150,5,36
43,10.10.144.161,1,4
43,10.10.144.162,1,34
43,10.10.144.166,1,34
43,10.10.145.105,1,4
43,10.10.145.106,1,20
43,10.10.145.110,1,20
43,10.10.145.121,1,4
43,10.10.145.122,1,37
43,10.10.145.126,5,37
43,10.10.145.209,1,4
43,10.10.145.210,1,38
43,10.10.145.214,5,38
43,10.10.147.105,1,4
43,10.10.147.106,1,30
43,10.10.147.110,5,30
43,10.10.168.41,5,7
43,10.10.176.116,5,0
43,10.10.176.180,5,0
43,10.10.176.244,5,0
43,10.10.177.132,5,0
43,10.10.178.68,5,0
43,10.10.179.20,5,0
43,10.10.184.132,5,20
43,10.10.184.84,5,34
43,10.201.203.5,1,4
43,10.201.203.6,1,0
43,10.224.233.1,5,6
43,10.252.3.106,5,0
43,10.252.3.218,1,0
43,10.252.3.90,1,0
43,10.252.4.122,1,0
43,10.252.4.218,1,0
43,10.252.4.74,1,0
43,10.252.4.98,1,0
43,172.23.32.101,1,4
43,172.23.32.102,5,44
43,32.5.177.133,1,7
43,32.5.177.134,1,7
44,10.10.144.177,1,4
44,10.10.144.178,1,42
44,10.10.144.182,4,42
44,10.10.144.205,1,4
44,10.10.144.206,1,45
44,10.10.144.210,4,45
44,10.10.144.65,1,4
44,10.10.144.66,1,46
44,10.10.144.69,4,46
44,10.10.146.1,1,4
44,10.10.146.2,1,48
44,10.10.146.6,4,48
44,10.10.147.241,1,4
44,10.10.147.242,1,43
44,10.10.147.246,1,43
44,10.10.147.81,1,4
44,10.10.147.82,1,35
44,10.10.147.86,1,35
44,10.10.148.230,4,7
44,10.10.168.237,1,77
44,10.10.168.238,1,77
44,10.10.168.242,1,77
44,10.10.176.212,4,0
44,10.10.177.36,4,0
44,10.10.177.52,4,0
44,10.10.178.116,4,0
44,10.10.179.100,4,0
44,10.10.179.116,4,0
44,10.10.179.196,4,0
44,10.10.180.116,4,0
44,10.10.180.132,4,0
44,10.10.180.180,4,0
44,10.10.180.20,4,0
44,10.10.185.116,4,43
44,10.10.186.116,4,35
44,10.10.191.196,4,9
44,10.10.191.228,4,7
44,10.224.0.4,1,9
44,10.224.0.66,1,9
44,10.250.248.97,1,7
44,10.252.234.1,2,41
44,10.252.248.41,1,4
44,10.252.248.42,4,57
44,10.252.3.130,1,0
44,10.252.3.162,1,0
44,10.252.3.170,1,0
44,10.252.3.202,1,0
44,10.252.4.154,1,0
44,10.252.4.194,1,0
44,10.252.4.210,1,0
44,10.252.4.42,1,0
44,10.252.5.18,1,0
44,10.252.5.90,1,0
44,10.30.223.249,1,77
44,10.30.223.253,1,77
44,10.30.99.30,1,10
44,32.3.185.33,2,7
45,10.10.144.106,1,4
45,10.10.144.110,1,4
45,10.10.144.221,1,4
45,10.10.144.222,1,4
45,10.10.144.226,3,4
45,10.10.144.49,1,4
45,10.10.144.50,1,51
45,10.10.144.53,1,51
45,10.10.145.145,1,4
45,10.10.145.146,1,52
45,10.10.145.150,1,52
45,10.10.145.197,3,7
45,10.10.145.201,1,4
45,10.10.145.202,1,53
45,10.10.145.206,1,53
45,10.10.145.233,1,4
45,10.10.145.234,1,4
45,10.10.145.238,3,4
45,10.10.145.65,1,4
45,10.10.145.66,1,4
45,10.10.145.70,3,4
45,10.10.145.9,3,7
45,10.10.146.10,1,39
45,10.10.146.102,1,54
45,10.10.146.105,1,4
45,10.10.146.106,1,4
45,10.10.146.110,3,4
45,10.10.146.14,3,39
45,10.10.146.201,1,4
45,10.10.146.202,1,4
45,10.10.146.206,3,4
45,10.10.146.225,1,4
45,10.10.146.226,1,4
45,10.10.146.230,3,4
45,10.10.146.9,1,4
45,10.10.146.97,1,4
45,10.10.146.98,1,54
45,10.10.147.209,1,4
45,10.10.147.210,1,4
45,10.10.147.214,3,4
45,10.10.147.230,3,7
45,10.10.147.233,1,4
45,10.10.147.234,1,4
45,10.10.147.238,3,4
45,10.10.148.197,1,4
45,10.10.148.198,1,56
45,10.10.148.202,1,56
45,10.10.148.233,3,7
45,10.10.149.97,3,7
45,10.10.176.228,3,0
45,10.10.177.228,3,0
45,10.10.177.68,3,0
45,10.10.178.212,3,0
45,10.10.179.164,3,0
45,10.10.179.68,3,0
45,10.10.179.84,3,0
45,10.10.180.148,3,0
45,10.10.180.36,3,0
45,10.10.181.4,3,0
45,10.10.184.20,3,40
45,10.10.184.244,3,54
45,10.10.185.100,3,56
45,10.10.185.20,3,52
45,10.10.186.244,3,51
45,10.10.187.116,3,4
45,10.10.188.52,3,53
45,10.10.191.212,3,9
45,10.10.191.244,3,7
45,10.224.0.5,1,9
45,10.224.0.74,1,9
45,10.224.8.138,3,9
45,10.250.252.117,1,7
45,10.250.252.118,1,7
45,10.252.2.42,1,0
45,10.252.250.37,1,4
45,10.252.250.38,1,40
45,10.252.3.138,1,0
45,10.252.3.210,1,0
45,10.252.3.226,1,0
45,10.252.3.242,1,0
45,10.252.4.162,1,0
45,10.252.4.178,1,0
45,10.252.4.186,1,0
45,10.252.4.26,3,0
45,10.252.4.50,1,0
45,10.252.4.66,1,0
45,10.252.5.114,1,0
45,32.1.163.85,1,7
45,32.1.163.86,1,7
45,32.2.234.201,1,7
45,32.2.234.202,1,4
45,32.244.108.161,1,7
45,32.244.108.162,1,7
45,32.3.185.34,1,7
45,32.3.26.185,1,7
45,32.3.26.186,1,7
45,32.3.32.245,2,7
46,10.10.144.105,1,4
46,10.10.144.113,1,4
46,10.10.144.114,1,4
46,10.10.144.118,2,4
46,10.10.144.122,1,4
46,10.10.144.126,1,4
46,10.10.144.14,1,61
46,10.10.144.153,1,4
46,10.10.144.154,1,62
46,10.10.144.158,1,62
46,10.10.144.169,1,4
46,10.10.144.170,1,4
46,10.10.144.174,2,4
46,10.10.144.213,1,4
46,10.10.144.214,1,4
46,10.10.144.218,2,4
46,10.10.144.25,1,4
46,10.10.144.26,1,4
46,10.10.144.30,2,4
46,10.10.144.33,1,4
46,10.10.144.34,1,63
46,10.10.144.38,1,63
46,10.10.144.57,1,4
46,10.10.144.58,1,4
46,10.10.144.62,2,4
46,10.10.145.102,2,4
46,10.10.145.174,1,64
46,10.10.145.249,1,4
46,10.10.145.25,1,4
46,10.10.145.250,1,4
46,10.10.145.254,2,4
46,10.10.145.26,1,65
46,10.10.145.30,1,65
46,10.10.145.41,1,4
46,10.10.145.42,1,4
46,10.10.145.46,2,4
46,10.10.145.73,1,4
46,10.10.145.74,1,4
46,10.10.145.78,2,4
46,10.10.145.81,1,4
46,10.10.145.82,1,66
46,10.10.145.85,1,66
46,10.10.145.89,1,4
46,10.10.145.90,1,4
46,10.10.145.94,2,4
46,10.10.145.97,1,4
46,10.10.145.98,1,4
46,10.10.146.121,1,4
46,10.10.146.122,1,55
46,10.10.146.126,1,55
46,10.10.146.17,1,4
46,10.10.146.18,1,58
46,10.10.146.193,1,4
46,10.10.146.194,1,67
46,10.10.146.198,1,67
46,10.10.146.209,1,4
46,10.10.146.210,1,68
46,10.10.146.214,1,68
46,10.10.146.22,1,58
46,10.10.146.81,1,4
46,10.10.146.82,1,59
46,10.10.146.86,1,59
46,10.10.147.57,1,4
46,10.10.147.58,1,69
46,10.10.147.62,1,69
46,10.10.147.73,1,4
46,10.10.147.74,1,70
46,10.10.147.78,1,70
46,10.10.148.10,1,49
46,10.10.148.101,1,4
46,10.10.148.102,1,4
46,10.10.148.106,2,4
46,10.10.148.14,1,49
46,10.10.148.189,1,4
46,10.10.148.190,1,4
46,10.10.148.194,2,4
46,10.10.148.222,1,4
46,10.10.148.226,1,31
46,10.10.148.89,2,7
46,10.10.148.9,1,4
46,10.10.149.10,1,4
46,10.10.149.105,1,71
46,10.10.149.14,2,4
46,10.10.149.9,1,4
46,10.10.176.148,2,0
46,10.10.176.20,2,0
46,10.10.177.164,2,0
46,10.10.177.180,2,0
46,10.10.177.212,2,0
46,10.10.178.20,2,0
46,10.10.178.228,2,0
46,10.10.178.4,2,0
46,10.10.179.228,2,0
46,10.10.179.244,2,0
46,10.10.179.4,2,0
46,10.10.180.196,2,0
46,10.10.180.212,2,0
46,10.10.180.228,2,0
46,10.10.180.244,2,0
46,10.10.184.116,2,70
46,10.10.184.148,2,31
46,10.10.184.180,2,49
46,10.10.184.196,2,55
46,10.10.185.148,2,64
46,10.10.185.180,2,59
46,10.10.185.212,2,68
46,10.10.185.36,2,61
46,10.10.185.4,2,4
46,10.10.185.84,2,63
46,10.10.186.132,2,69
46,10.10.186.180,2,58
46,10.10.186.52,2,66
46,10.10.187.228,2,4
46,10.10.188.100,2,71
46,10.10.188.20,2,65
46,10.10.188.36,2,67
46,10.10.190.20,2,62
46,10.10.191.164,2,7
46,10.220.75.97,2,41
46,10.221.144.19,2,6
46,10.224.14.178,2,9
46,10.224.14.242,2,9
46,10.224.14.250,1,9
46,10.224.2.169,2,6
46,10.224.2.193,2,6
46,10.224.2.201,2,6
46,10.224.2.217,2,6
46,10.224.2.221,2,6
46,10.224.2.225,2,6
46,10.224.2.229,2,6
46,10.224.2.233,2,6
46,10.224.2.237,2,6
46,10.224.2.25,2,6
46,10.224.2.53,1,6
46,10.224.2.54,2,6
46,10.224.2.9,2,6
46,10.224.231.1,2,6
46,10.224.4.138,2,9
46,10.250.249.73,1,7
46,10.252.234.85,1,41
46,10.252.234.86,2,41
46,10.252.244.153,1,4
46,10.252.244.154,1,4
46,10.252.3.146,1,0
46,10.252.3.154,1,0
46,10.252.3.194,1,0
46,10.252.3.2,1,0
46,10.252.3.234,1,0
46,10.252.3.250,1,0
46,10.252.4.10,1,0
46,10.252.4.138,1,0
46,10.252.4.226,1,0
46,10.252.4.242,1,0
46,10.252.4.250,1,0
46,10.252.4.34,1,0
46,10.252.5.10,1,0
46,10.252.5.146,1,0
46,10.252.5.50,1,0
46,10.30.223.17,3,3
46,192.168.2.2,2,9
46,32.245.107.133,1,7
46,32.245.107.134,1,71
46,32.3.181.213,1,7
46,32.3.181.214,1,7
46,32.3.35.82,1,7
46,32.3.39.89,1,7
46,32.3.39.90,1,7
46,32.5.101.17,1,7
46,32.5.101.18,1,61
46,32.5.177.149,1,7
46,32.5.177.150,1,64
47,10.10.145.49,1,4
47,10.10.145.50,1,47
47,10.10.145.54,1,47
47,10.10.146.129,1,4
47,10.10.146.130,1,4
47,10.10.146.134,1,4
47,10.10.146.153,1,4
47,10.10.146.154,1,4
47,10.10.146.158,1,4
47,10.10.146.161,1,4
47,10.10.146.162,1,4
47,10.10.146.166,1,4
47,10.10.146.169,1,4
47,10.10.146.170,1,4
47,10.10.146.174,1,4
47,10.10.146.33,1,7
47,10.10.146.38,1,73
47,10.10.146.41,1,4
47,10.10.146.42,1,4
47,10.10.146.46,1,4
47,10.10.146.49,1,4
47,10.10.146.50,1,4
47,10.10.146.54,1,4
47,10.10.146.65,1,4
47,10.10.146.66,1,4
47,10.10.146.70,1,4
47,10.10.146.89,1,4
47,10.10.146.90,1,74
47,10.10.146.94,1,74
47,10.10.147.1,1,4
47,10.10.147.113,1,4
47,10.10.147.114,1,4
47,10.10.147.118,1,4
47,10.10.147.121,1,4
47,10.10.147.122,1,75
47,10.10.147.126,1,75
47,10.10.147.129,1,4
47,10.10.147.130,1,4
47,10.10.147.134,1,4
47,10.10.147.137,1,4
47,10.10.147.138,1,4
47,10.10.147.142,1,4
47,10.10.147.153,1,4
47,10.10.147.154,1,4
47,10.10.147.158,1,4
47,10.10.147.161,1,4
47,10.10.147.162,1,4
47,10.10.147.166,1,4
47,10.10.147.169,1,4
47,10.10.147.17,1,4
47,10.10.147.170,1,4
47,10.10.147.174,1,4
47,10.10.147.18,1,4
47,10.10.147.185,1,4
47,10.10.147.186,1,4
47,10.10.147.190,1,4
47,10.10.147.2,1,4
47,10.10.147.201,1,4
47,10.10.147.202,1,4
47,10.10.147.206,1,4
47,10.10.147.217,1,4
47,10.10.147.218,1,4
47,10.10.147.22,1,4
47,10.10.147.222,1,4
47,10.10.147.250,1,4
47,10.10.147.254,1,4
47,10.10.147.41,1,4
47,10.10.147.42,1,4
47,10.10.147.46,1,4
47,10.10.147.49,1,4
47,10.10.147.50,1,4
47,10.10.147.54,1,4
47,10.10.147.6,1,4
47,10.10.147.65,1,4
47,10.10.147.66,1,4
47,10.10.147.70,1,4
47,10.10.147.89,1,4
47,10.10.147.90,1,76
47,10.10.147.94,1,76
47,10.10.148.1,1,4
47,10.10.148.125,1,4
47,10.10.148.126,1,4
47,10.10.148.130,1,4
47,10.10.148.173,1,4
47,10.10.148.174,1,13
47,10.10.148.178,1,13
47,10.10.148.25,1,4
47,10.10.148.26,1,4
47,10.10.148.30,1,4
47,10.10.148.33,1,4
47,10.10.148.34,1,4
47,10.10.148.38,1,4
47,10.10.148.6,1,12
47,10.10.148.65,1,4
47,10.10.148.66,1,4
47,10.10.148.70,1,4
47,10.10.148.81,1,4
47,10.10.148.82,1,4
47,10.10.148.86,1,4
47,10.10.149.89,1,4
47,10.10.149.90,1,4
47,10.10.149.94,1,4
47,10.10.179.132,1,0
47,10.10.180.164,1,0
47,10.10.180.52,1,0
47,10.10.181.20,1,0
47,10.10.184.100,1,76
47,10.10.185.52,1,74
47,10.10.186.36,1,73
47,10.10.189.84,1,4
47,10.10.190.52,1,75
47,10.100.104.16,5,1
47,10.100.104.25,11,1
47,10.100.104.33,14,1
47,10.116.102.11,1,51
47,10.116.102.15,1,51
47,10.116.102.90,1,51
47,10.116.103.11,1,4
47,10.116.103.15,1,4
47,10.116.104.100,1,46
47,10.116.104.11,1,46
47,10.116.104.15,1,46
47,10.116.104.90,1,46
47,10.116.108.12,1,4
47,10.116.108.4,1,4
47,10.116.18.37,1,0
47,10.116.18.40,1,0
47,10.116.180.13,1,61
47,10.116.180.132,1,24
47,10.116.180.158,1,24
47,10.116.180.159,1,24
47,10.116.180.4,1,61
47,10.116.181.133,1,26
47,10.116.181.134,1,26
47,10.116.181.145,1,26
47,10.116.181.146,1,26
47,10.116.181.147,1,26
47,10.116.181.148,1,26
47,10.116.181.22,1,12
47,10.116.181.23,1,12
47,10.116.181.24,1,12
47,10.116.181.25,1,12
47,10.116.181.26,1,12
47,10.116.181.36,1,12
47,10.116.181.5,1,12
47,10.116.181.6,1,12
47,10.116.182.30,1,4
47,10.116.182.70,1,4
47,10.116.19.100,1,0
47,10.116.19.101,1,0
47,10.116.19.102,1,0
47,10.116.19.119,1,0
47,10.116.19.120,1,0
47,10.116.23.67,3,0
47,10.116.23.68,1,0
47,10.116.23.69,1,0
47,10.116.23.78,1,0
47,10.116.238.130,1,1
47,10.116.238.162,1,1
47,10.116.238.2,1,1
47,10.116.238.66,1,1
47,10.116.238.80,1,1
47,10.116.238.98,1,1
47,10.116.243.10,1,1
47,10.116.243.106,1,1
47,10.116.243.114,1,1
47,10.116.243.122,1,1
47,10.116.243.130,1,1
47,10.116.243.138,1,1
47,10.116.243.139,1,1
47,10.116.243.146,1,1
47,10.116.243.18,1,1
47,10.116.243.2,1,1
47,10.116.243.26,1,1
47,10.116.243.34,1,1
47,10.116.243.42,1,1
47,10.116.243.50,1,1
47,10.116.243.58,1,1
47,10.116.243.66,1,1
47,10.116.243.74,1,1
47,10.116.243.82,1,1
47,10.116.243.90,1,1
47,10.116.243.98,1,1
47,10.116.25.166,3,4
47,10.116.25.167,1,4
47,10.116.25.170,1,4
47,10.116.25.42,1,34
47,10.116.25.44,1,34
47,10.116.25.53,1,34
47,10.116.25.55,1,34
47,10.116.25.57,1,34
47,10.116.254.10,1,3
47,10.116.254.114,1,3
47,10.116.254.130,1,3
47,10.116.254.138,1,3
47,10.116.254.18,1,3
47,10.116.254.2,1,3
47,10.116.254.26,1,3
47,10.116.26.234,1,39
47,10.116.28.227,1,0
47,10.116.28.228,1,0
47,10.116.28.229,1,0
47,10.116.3.197,1,40
47,10.116.36.135,1,0
47,10.116.36.215,1,0
47,10.116.36.219,1,0
47,10.116.36.221,1,0
47,10.116.36.222,1,0
47,10.116.4.133,1,19
47,10.116.4.197,1,32
47,10.116.4.5,1,20
47,10.116.4.69,1,7
47,10.116.4.92,1,7
47,10.116.43.251,1,17
47,10.116.5.133,1,49
47,10.116.5.195,3,55
47,10.116.5.197,1,55
47,10.116.5.3,9,31
47,10.116.5.6,1,31
47,10.116.50.206,1,0
47,10.116.50.209,2,0
47,10.116.6.133,1,0
47,10.116.6.196,1,0
47,10.116.6.3,1,64
47,10.116.6.6,1,64
47,10.116.6.69,1,25
47,10.116.6.75,1,25
47,10.116.6.80,1,25
47,10.116.6.81,1,25
47,10.116.65.11,1,62
47,10.116.65.15,1,62
47,10.116.71.11,1,4
47,10.116.71.15,1,4
47,10.116.74.11,1,4
47,10.116.74.15,1,4
47,10.116.76.125,1,1
47,10.126.0.1,1,16
47,10.126.0.11,1,16
47,10.126.0.2,1,16
47,10.126.0.3,1,16
47,10.126.0.5,1,16
47,10.126.0.7,1,16
47,10.126.0.9,1,16
47,10.200.28.3,1,50
47,10.220.0.162,1,0
47,10.220.0.7,3,14
47,10.220.0.88,1,14
47,10.220.0.90,1,14
47,10.220.0.91,1,14
47,10.220.0.94,1,14
47,10.220.105.10,1,1
47,10.220.105.106,1,1
47,10.220.105.114,1,1
47,10.220.105.122,1,1
47,10.220.105.130,1,1
47,10.220.105.138,1,1
47,10.220.105.146,1,1
47,10.220.105.154,1,1
47,10.220.105.162,1,1
47,10.220.105.170,1,1
47,10.220.105.178,1,1
47,10.220.105.18,1,1
47,10.220.105.186,1,1
47,10.220.105.194,1,1
47,10.220.105.2,1,1
47,10.220.105.202,1,1
47,10.220.105.210,1,1
47,10.220.105.218,1,1
47,10.220.105.226,1,1
47,10.220.105.234,1,1
47,10.220.105.242,1,1
47,10.220.105.250,1,1
47,10.220.105.26,1,1
47,10.220.105.34,1,1
47,10.220.105.42,1,1
47,10.220.105.50,1,1
47,10.220.105.58,1,1
47,10.220.105.66,1,1
47,10.220.105.74,1,1
47,10.220.105.82,1,1
47,10.220.105.90,1,1
47,10.220.105.98,1,1
47,10.220.106.10,1,1
47,10.220.106.129,1,1
47,10.220.106.146,1,1
47,10.220.106.161,1,1
47,10.220.106.18,1,1
47,10.220.106.2,1,1
47,10.220.112.30,1,0
47,10.220.112.70,1,0
47,10.220.12.126,1,0
47,10.220.12.78,1,0
47,10.220.129.114,2,4
47,10.220.129.134,1,4
47,10.220.129.50,34,13
47,10.220.140.50,1,1
47,10.220.141.114,130,8
47,10.220.142.178,1,1
47,10.220.142.50,54,11
47,10.220.15.10,1,1
47,10.220.15.106,1,1
47,10.220.15.122,1,1
47,10.220.15.130,1,1
47,10.220.15.138,1,1
47,10.220.15.146,1,1
47,10.220.15.154,1,1
47,10.220.15.162,1,1
47,10.220.15.170,1,1
47,10.220.15.179,1,1
47,10.220.15.18,1,1
47,10.220.15.186,1,1
47,10.220.15.194,1,1
47,10.220.15.2,1,1
47,10.220.15.226,1,1
47,10.220.15.235,1,1
47,10.220.15.242,1,1
47,10.220.15.34,1,1
47,10.220.15.98,1,1
47,10.220.18.227,1,0
47,10.220.18.229,1,0
47,10.220.19.163,4,0
47,10.220.19.164,1,0
47,10.220.19.170,1,0
47,10.220.19.227,1,0
47,10.220.19.229,1,0
47,10.220.19.243,1,0
47,10.220.19.245,1,0
47,10.220.19.36,1,53
47,10.220.19.39,1,53
47,10.220.19.41,1,53
47,10.220.20.100,1,57
47,10.220.20.101,1,57
47,10.220.20.113,1,57
47,10.220.20.115,1,57
47,10.220.20.163,1,0
47,10.220.20.165,1,0
47,10.220.20.228,1,38
47,10.220.20.229,1,38
47,10.220.20.232,1,38
47,10.220.20.233,1,38
47,10.220.20.238,1,38
47,10.220.20.35,1,7
47,10.220.20.40,1,7
47,10.220.20.44,1,7
47,10.220.204.10,1,3
47,10.220.204.106,1,3
47,10.220.204.109,1,3
47,10.220.204.114,1,3
47,10.220.204.138,1,3
47,10.220.204.146,1,3
47,10.220.204.154,1,3
47,10.220.204.18,1,3
47,10.220.204.2,1,3
47,10.220.204.202,1,3
47,10.220.204.210,1,3
47,10.220.204.218,1,3
47,10.220.204.226,1,3
47,10.220.204.234,1,3
47,10.220.204.242,1,3
47,10.220.204.243,1,3
47,10.220.204.250,1,3
47,10.220.204.26,1,3
47,10.220.204.34,1,3
47,10.220.204.42,1,3
47,10.220.204.46,1,3
47,10.220.204.50,1,3
47,10.220.204.58,1,3
47,10.220.204.66,1,3
47,10.220.204.67,1,3
47,10.220.204.75,1,3
47,10.220.204.82,1,3
47,10.220.204.90,1,3
47,10.220.204.98,1,3
47,10.220.205.10,1,3
47,10.220.205.106,1,3
47,10.220.205.114,1,3
47,10.220.205.122,1,3
47,10.220.205.130,1,3
47,10.220.205.138,1,3
47,10.220.205.146,1,3
47,10.220.205.147,1,3
47,10.220.205.171,1,3
47,10.220.205.178,1,3
47,10.220.205.186,1,3
47,10.220.205.19,1,3
47,10.220.205.194,1,3
47,10.220.205.202,1,3
47,10.220.205.210,1,3
47,10.220.205.218,1,3
47,10.220.205.226,1,3
47,10.220.205.234,1,3
47,10.220.205.250,1,3
47,10.220.205.27,1,3
47,10.220.205.3,1,3
47,10.220.205.34,1,3
47,10.220.205.43,1,3
47,10.220.205.50,1,3
47,10.220.205.54,1,3
47,10.220.205.58,1,3
47,10.220.205.66,1,3
47,10.220.205.83,1,3
47,10.220.205.90,1,3
47,10.220.205.98,1,3
47,10.220.206.10,1,3
47,10.220.206.106,1,3
47,10.220.206.109,1,3
47,10.220.206.114,1,3
47,10.220.206.122,1,3
47,10.220.206.131,1,3
47,10.220.206.138,1,3
47,10.220.206.146,1,3
47,10.220.206.154,1,3
47,10.220.206.162,1,3
47,10.220.206.170,1,3
47,10.220.206.178,1,3
47,10.220.206.18,1,3
47,10.220.206.186,1,3
47,10.220.206.194,1,3
47,10.220.206.203,1,3
47,10.220.206.210,1,3
47,10.220.206.218,1,3
47,10.220.206.227,1,3
47,10.220.206.234,1,3
47,10.220.206.243,1,3
47,10.220.206.250,1,3
47,10.220.206.26,1,3
47,10.220.206.34,1,3
47,10.220.206.42,1,3
47,10.220.206.51,1,3
47,10.220.206.58,1,3
47,10.220.206.66,1,3
47,10.220.206.74,1,3
47,10.220.206.82,1,3
47,10.220.206.91,1,3
47,10.220.206.98,1,3
47,10.220.207.10,1,3
47,10.220.207.106,1,3
47,10.220.207.114,1,3
47,10.220.207.122,1,3
47,10.220.207.130,1,3
47,10.220.207.146,1,3
47,10.220.207.154,1,3
47,10.220.207.162,1,3
47,10.220.207.170,1,3
47,10.220.207.174,1,3
47,10.220.207.178,1,3
47,10.220.207.18,1,3
47,10.220.207.186,1,3
47,10.220.207.194,1,3
47,10.220.207.2,1,3
47,10.220.207.202,1,3
47,10.220.207.210,1,3
47,10.220.207.218,1,3
47,10.220.207.226,1,3
47,10.220.207.234,1,3
47,10.220.207.242,1,3
47,10.220.207.250,1,3
47,10.220.207.26,1,3
47,10.220.207.34,3,3
47,10.220.207.35,3,3
47,10.220.207.43,1,3
47,10.220.207.50,1,3
47,10.220.207.59,1,3
47,10.220.207.66,1,3
47,10.220.207.74,1,3
47,10.220.207.82,1,3
47,10.220.207.90,1,3
47,10.220.207.98,1,3
47,10.220.21.165,1,0
47,10.220.21.227,7,47
47,10.220.21.37,1,7
47,10.220.21.38,1,7
47,10.220.21.42,1,7
47,10.220.22.101,1,4
47,10.220.22.165,1,7
47,10.220.22.166,1,7
47,10.220.22.228,1,0
47,10.220.22.229,1,0
47,10.220.22.239,1,0
47,10.220.23.164,1,7
47,10.220.23.229,1,0
47,10.220.24.101,1,65
47,10.220.24.102,1,65
47,10.220.24.163,1,36
47,10.220.24.176,1,36
47,10.220.24.182,1,36
47,10.220.24.184,1,36
47,10.220.24.185,1,36
47,10.220.24.38,1,69
47,10.220.24.41,1,69
47,10.220.240.102,1,43
47,10.220.240.105,1,43
47,10.220.240.106,1,43
47,10.220.240.108,1,43
47,10.220.240.11,1,33
47,10.220.240.12,1,33
47,10.220.240.13,1,33
47,10.220.240.134,1,7
47,10.220.240.137,1,7
47,10.220.240.138,1,7
47,10.220.240.14,1,33
47,10.220.240.15,1,33
47,10.220.240.166,1,63
47,10.220.240.181,1,63
47,10.220.240.38,1,56
47,10.220.240.41,1,56
47,10.220.240.42,1,56
47,10.220.240.6,1,33
47,10.220.240.70,1,4
47,10.220.240.75,1,4
47,10.220.240.77,1,4
47,10.220.242.10,1,1
47,10.220.242.106,1,1
47,10.220.242.114,1,1
47,10.220.242.122,1,1
47,10.220.242.18,1,1
47,10.220.242.2,1,1
47,10.220.242.26,1,1
47,10.220.242.27,1,1
47,10.220.242.34,1,1
47,10.220.242.42,1,1
47,10.220.242.66,1,1
47,10.220.242.74,1,1
47,10.220.242.82,1,1
47,10.220.242.90,1,1
47,10.220.242.98,1,1
47,10.220.244.2,1,1
47,10.220.244.35,1,1
47,10.220.244.39,1,1
47,10.220.245.106,1,1
47,10.220.245.114,1,1
47,10.220.245.12,1,1
47,10.220.245.122,1,1
47,10.220.245.130,1,1
47,10.220.245.138,1,1
47,10.220.245.146,1,1
47,10.220.245.154,1,1
47,10.220.245.163,1,1
47,10.220.245.164,1,1
47,10.220.245.170,1,1
47,10.220.245.178,1,1
47,10.220.245.18,1,1
47,10.220.245.186,1,1
47,10.220.245.202,1,1
47,10.220.245.210,1,1
47,10.220.245.218,1,1
47,10.220.245.226,1,1
47,10.220.245.242,1,1
47,10.220.245.26,1,1
47,10.220.245.4,1,1
47,10.220.245.50,1,1
47,10.220.245.58,1,1
47,10.220.245.66,1,1
47,10.220.245.74,1,1
47,10.220.245.82,2,1
47,10.220.245.90,1,1
47,10.220.245.98,1,1
47,10.220.246.10,1,1
47,10.220.246.100,1,1
47,10.220.246.11,1,1
47,10.220.246.122,1,1
47,10.220.246.139,1,1
47,10.220.246.146,1,1
47,10.220.246.154,1,1
47,10.220.246.162,1,1
47,10.220.246.170,1,1
47,10.220.246.179,1,1
47,10.220.246.186,1,1
47,10.220.246.19,1,1
47,10.220.246.194,1,1
47,10.220.246.20,1,1
47,10.220.246.236,1,1
47,10.220.246.27,1,1
47,10.220.246.28,1,1
47,10.220.246.42,1,1
47,10.220.246.50,1,1
47,10.220.246.51,1,1
47,10.220.246.58,1,1
47,10.220.246.66,1,1
47,10.220.246.67,1,1
47,10.220.246.75,1,1
47,10.220.246.76,1,1
47,10.220.246.77,3,1
47,10.220.246.91,1,1
47,10.220.248.14,1,44
47,10.220.248.19,1,44
47,10.220.248.2,1,44
47,10.220.248.20,1,44
47,10.220.248.6,1,44
47,10.220.249.19,1,1
47,10.220.249.2,1,1
47,10.220.249.82,2,1
47,10.220.249.99,1,1
47,10.220.25.101,1,4
47,10.220.25.102,2,4
47,10.220.25.229,1,58
47,10.220.250.10,1,1
47,10.220.250.122,1,1
47,10.220.250.130,1,1
47,10.220.250.162,1,1
47,10.220.250.2,1,1
47,10.220.250.218,1,1
47,10.220.250.226,1,1
47,10.220.250.234,1,1
47,10.220.250.252,1,1
47,10.220.250.34,1,1
47,10.220.250.43,1,1
47,10.220.250.46,1,1
47,10.220.250.50,1,1
47,10.220.250.51,1,1
47,10.220.250.58,1,1
47,10.220.250.66,1,1
47,10.220.250.90,1,1
47,10.220.251.10,1,1
47,10.220.251.106,1,1
47,10.220.251.114,1,1
47,10.220.251.122,1,1
47,10.220.251.138,1,1
47,10.220.251.146,1,1
47,10.220.251.154,1,1
47,10.220.251.162,1,1
47,10.220.251.170,1,1
47,10.220.251.178,1,1
47,10.220.251.18,1,1
47,10.220.251.186,1,1
47,10.220.251.195,1,1
47,10.220.251.202,1,1
47,10.220.251.210,1,1
47,10.220.251.218,1,1
47,10.220.251.226,1,1
47,10.220.251.234,1,1
47,10.220.251.242,1,1
47,10.220.251.250,1,1
47,10.220.251.26,1,1
47,10.220.251.34,1,1
47,10.220.251.50,1,1
47,10.220.251.67,1,1
47,10.220.251.75,1,1
47,10.220.251.82,1,1
47,10.220.251.90,1,1
47,10.220.251.98,1,1
47,10.220.252.14,1,3
47,10.220.252.18,1,3
47,10.220.252.20,1,3
47,10.220.252.23,1,3
47,10.220.252.27,1,3
47,10.220.252.3,1,3
47,10.220.252.30,1,3
47,10.220.252.34,1,3
47,10.220.252.39,1,3
47,10.220.252.42,1,3
47,10.220.252.50,1,3
47,10.220.252.66,1,3
47,10.220.252.70,1,3
47,10.220.252.73,1,3
47,10.220.252.82,1,3
47,10.220.253.10,1,3
47,10.220.253.106,1,3
47,10.220.253.114,1,3
47,10.220.253.122,1,3
47,10.220.253.139,1,3
47,10.220.253.140,1,3
47,10.220.253.146,1,3
47,10.220.253.154,1,3
47,10.220.253.162,1,3
47,10.220.253.170,1,3
47,10.220.253.178,1,3
47,10.220.253.186,1,3
47,10.220.253.194,1,3
47,10.220.253.2,1,3
47,10.220.253.202,1,3
47,10.220.253.203,1,3
47,10.220.253.210,1,3
47,10.220.253.218,1,3
47,10.220.253.226,1,3
47,10.220.253.234,1,3
47,10.220.253.242,1,3
47,10.220.253.250,1,3
47,10.220.253.26,1,3
47,10.220.253.29,1,3
47,10.220.253.42,1,3
47,10.220.253.50,1,3
47,10.220.253.51,1,3
47,10.220.253.54,1,3
47,10.220.253.58,1,3
47,10.220.253.66,1,3
47,10.220.253.74,1,3
47,10.220.253.82,1,3
47,10.220.253.98,1,3
47,10.220.253.99,1,3
47,10.220.254.106,1,3
47,10.220.254.122,1,3
47,10.220.254.130,1,3
47,10.220.254.138,1,3
47,10.220.254.146,1,3
47,10.220.254.154,1,3
47,10.220.254.162,1,3
47,10.220.254.178,1,3
47,10.220.254.18,1,3
47,10.220.254.186,1,3
47,10.220.254.194,1,3
47,10.220.254.202,1,3
47,10.220.254.210,1,3
47,10.220.254.218,1,3
47,10.220.254.219,1,3
47,10.220.254.226,1,3
47,10.220.254.234,1,3
47,10.220.254.235,1,3
47,10.220.254.236,1,3
47,10.220.254.242,1,3
47,10.220.254.50,1,3
47,10.220.254.58,1,3
47,10.220.254.66,1,3
47,10.220.254.74,1,3
47,10.220.254.82,1,3
47,10.220.254.98,1,3
47,10.220.254.99,1,3
47,10.220.255.10,1,3
47,10.220.255.106,1,3
47,10.220.255.107,1,3
47,10.220.255.109,1,3
47,10.220.255.114,1,3
47,10.220.255.122,1,3
47,10.220.255.123,1,3
47,10.220.255.138,1,3
47,10.220.255.146,1,3
47,10.220.255.154,3,3
47,10.220.255.162,1,3
47,10.220.255.163,1,3
47,10.220.255.170,1,3
47,10.220.255.171,1,3
47,10.220.255.178,1,3
47,10.220.255.18,1,3
47,10.220.255.186,1,3
47,10.220.255.19,1,3
47,10.220.255.194,1,3
47,10.220.255.2,1,3
47,10.220.255.202,1,3
47,10.220.255.211,1,3
47,10.220.255.218,1,3
47,10.220.255.226,1,3
47,10.220.255.234,1,3
47,10.220.255.235,1,3
47,10.220.255.242,1,3
47,10.220.255.250,1,3
47,10.220.255.28,1,3
47,10.220.255.34,1,3
47,10.220.255.42,1,3
47,10.220.255.50,1,3
47,10.220.255.58,1,3
47,10.220.255.66,1,3
47,10.220.255.74,1,3
47,10.220.255.83,1,3
47,10.220.255.91,1,3
47,10.220.255.98,1,3
47,10.220.26.100,1,4
47,10.220.26.101,1,4
47,10.220.26.122,1,4
47,10.220.26.164,1,7
47,10.220.26.165,1,7
47,10.220.26.166,1,7
47,10.220.26.36,1,67
47,10.220.26.37,1,67
47,10.220.27.100,1,7
47,10.220.27.101,1,7
47,10.220.27.164,1,4
47,10.220.27.165,1,4
47,10.220.27.173,1,4
47,10.220.27.230,1,68
47,10.220.27.231,1,68
47,10.220.27.37,1,30
47,10.220.27.38,1,30
47,10.220.28.164,1,4
47,10.220.28.165,1,4
47,10.220.28.38,1,4
47,10.220.28.39,1,4
47,10.220.29.101,1,4
47,10.220.29.102,1,4
47,10.220.29.139,1,48
47,10.220.29.163,1,48
47,10.220.29.189,1,48
47,10.220.29.227,1,4
47,10.220.29.230,1,4
47,10.220.29.253,1,4
47,10.220.29.35,1,4
47,10.220.29.37,1,4
47,10.220.29.47,1,4
47,10.220.30.35,1,71
47,10.220.30.61,1,71
47,10.220.33.206,1,0
47,10.220.33.222,1,0
47,10.220.34.133,1,0
47,10.220.34.157,1,0
47,10.220.34.196,1,0
47,10.220.34.208,1,0
47,10.220.34.221,2,0
47,10.220.34.222,2,0
47,10.220.34.29,1,0
47,10.220.34.30,1,0
47,10.220.34.5,1,0
47,10.220.34.68,1,0
47,10.220.34.69,1,0
47,10.220.34.92,2,0
47,10.220.35.147,1,0
47,10.220.35.156,1,0
47,10.220.35.157,1,0
47,10.220.35.197,1,0
47,10.220.35.219,1,0
47,10.220.35.222,1,0
47,10.220.35.69,1,0
47,10.220.35.90,3,0
47,10.220.35.91,1,0
47,10.220.35.92,1,0
47,10.220.36.12,1,0
47,10.220.36.146,1,59
47,10.220.36.158,2,59
47,10.220.36.29,3,0
47,10.220.36.67,1,74
47,10.220.37.136,1,0
47,10.220.37.158,1,0
47,10.220.37.195,1,4
47,10.220.37.66,1,0
47,10.220.37.84,1,0
47,10.220.37.94,4,0
47,10.220.39.132,1,21
47,10.220.39.158,2,21
47,10.220.39.159,1,21
47,10.220.39.206,1,0
47,10.220.39.250,2,0
47,10.220.39.251,1,0
47,10.220.39.252,1,0
47,10.220.39.253,1,0
47,10.220.41.134,1,0
47,10.220.42.67,1,0
47,10.220.42.68,1,0
47,10.220.42.82,1,0
47,10.220.42.93,1,0
47,10.220.43.16,1,0
47,10.220.43.24,1,0
47,10.220.43.33,1,0
47,10.220.43.42,1,0
47,10.220.43.47,1,0
47,10.220.43.53,1,0
47,10.220.43.8,1,0
47,10.220.44.11,1,54
47,10.220.44.137,1,0
47,10.220.44.142,1,0
47,10.220.44.147,1,0
47,10.220.44.152,1,0
47,10.220.44.167,1,0
47,10.220.44.177,1,0
47,10.220.44.179,1,0
47,10.220.44.22,1,54
47,10.220.44.4,1,54
47,10.220.45.101,1,15
47,10.220.45.106,1,15
47,10.220.45.111,1,15
47,10.220.45.118,1,15
47,10.220.45.121,1,15
47,10.220.45.130,1,22
47,10.220.45.146,1,22
47,10.220.45.152,1,22
47,10.220.45.158,1,22
47,10.220.45.165,1,22
47,10.220.45.17,1,15
47,10.220.45.172,1,22
47,10.220.45.19,1,15
47,10.220.45.21,1,15
47,10.220.45.245,1,22
47,10.220.45.26,1,15
47,10.220.45.42,1,15
47,10.220.45.45,1,15
47,10.220.45.49,1,15
47,10.220.45.72,1,15
47,10.220.45.8,1,15
47,10.220.45.81,1,15
47,10.220.45.96,1,15
47,10.220.50.197,1,0
47,10.220.50.218,1,0
47,10.220.51.132,1,52
47,10.220.51.134,1,52
47,10.220.51.14,1,4
47,10.220.51.156,1,52
47,10.220.51.16,1,4
47,10.220.51.196,1,4
47,10.220.51.198,1,4
47,10.220.51.204,1,4
47,10.220.52.133,1,70
47,10.220.52.142,1,70
47,10.220.52.197,1,45
47,10.220.52.214,1,45
47,10.220.52.220,1,45
47,10.220.52.222,1,45
47,10.220.53.133,1,4
47,10.220.53.148,1,4
47,10.220.53.197,1,0
47,10.220.53.220,1,0
47,10.220.53.68,1,0
47,10.220.53.69,1,0
47,10.220.53.92,1,0
47,10.220.54.12,1,35
47,10.220.54.131,1,4
47,10.220.54.133,1,4
47,10.220.54.195,3,0
47,10.220.54.221,1,0
47,10.220.54.28,3,35
47,10.220.54.30,1,35
47,10.220.54.5,1,35
47,10.220.56.210,1,0
47,10.220.56.219,1,0
47,10.220.56.220,1,0
47,10.220.56.221,1,0
47,10.220.56.222,1,0
47,10.220.56.223,1,0
47,10.220.57.107,1,4
47,10.220.57.115,1,4
47,10.220.57.123,1,4
47,10.220.57.131,1,4
47,10.220.57.147,1,4
47,10.220.57.163,1,4
47,10.220.57.179,1,4
47,10.220.57.187,1,4
47,10.220.57.195,1,4
47,10.220.57.220,1,4
47,10.220.57.51,1,0
47,10.220.57.69,1,4
47,10.220.57.99,1,4
47,10.220.58.227,1,4
47,10.220.58.232,1,4
47,10.220.58.36,1,4
47,10.220.58.46,1,4
47,10.220.58.49,1,4
47,10.220.59.104,1,4
47,10.220.59.163,1,4
47,10.220.59.168,1,4
47,10.220.59.227,1,37
47,10.220.59.232,1,37
47,10.220.59.236,1,37
47,10.220.59.241,1,37
47,10.220.59.244,1,37
47,10.220.59.35,1,66
47,10.220.59.40,1,66
47,10.220.59.99,1,4
47,10.220.60.61,3,0
47,10.220.62.115,1,0
47,10.220.62.130,1,1
47,10.220.62.146,1,1
47,10.220.62.19,1,4
47,10.220.62.3,1,4
47,10.220.62.35,1,4
47,10.220.62.5,1,4
47,10.220.62.51,1,4
47,10.220.62.67,1,4
47,10.220.62.99,1,76
47,10.220.63.11,1,4
47,10.220.63.115,1,4
47,10.220.63.131,1,4
47,10.220.63.179,1,4
47,10.220.63.195,1,4
47,10.220.63.227,1,75
47,10.220.63.3,1,4
47,10.220.63.35,1,4
47,10.220.63.60,1,4
47,10.220.63.83,1,12
47,10.220.63.99,1,4
47,10.220.66.104,1,0
47,10.220.66.108,1,0
47,10.220.66.166,1,0
47,10.220.66.174,1,0
47,10.220.66.179,1,0
47,10.220.66.182,1,0
47,10.220.66.232,1,41
47,10.220.66.234,1,41
47,10.220.66.39,1,0
47,10.220.66.43,1,0
47,10.220.66.46,1,0
47,10.220.66.50,1,0
47,10.220.67.101,1,0
47,10.220.67.103,1,0
47,10.220.67.105,1,0
47,10.220.67.168,1,0
47,10.220.67.173,1,0
47,10.220.67.242,1,0
47,10.220.67.50,1,0
47,10.220.68.102,1,0
47,10.220.68.167,1,0
47,10.220.68.168,1,0
47,10.220.68.171,1,0
47,10.220.68.40,1,0
47,10.220.68.45,1,0
47,10.220.68.99,1,0
47,10.220.69.18,1,0
47,10.220.69.5,1,0
47,10.220.69.68,2,73
47,10.220.7.103,1,16
47,10.220.7.229,1,0
47,10.220.7.254,1,0
47,10.220.7.37,1,23
47,10.220.70.38,2,42
47,10.220.70.39,1,42
47,10.220.70.44,1,42
47,10.220.70.51,1,42
47,10.220.72.120,1,0
47,10.220.72.122,1,0
47,10.220.72.124,1,0
47,10.220.72.126,2,0
47,10.220.72.155,1,0
47,10.220.72.23,1,0
47,10.220.72.25,1,0
47,10.220.72.27,1,0
47,10.220.72.34,1,0
47,10.220.72.47,1,0
47,10.220.72.52,1,0
47,10.220.72.55,1,0
47,10.220.72.57,1,0
47,10.220.72.58,1,0
47,10.220.75.103,1,41
47,10.220.75.104,1,41
47,10.220.8.101,1,0
47,10.220.8.105,1,0
47,10.220.8.125,2,0
47,10.220.8.165,1,0
47,10.220.8.188,1,0
47,10.220.8.229,1,0
47,10.220.8.240,1,0
47,10.220.8.241,1,0
47,10.220.8.60,1,28
47,10.220.80.137,1,0
47,10.220.80.142,1,0
47,10.220.80.20,1,0
47,10.220.80.33,1,0
47,10.220.80.48,1,0
47,10.220.80.59,1,0
47,10.220.81.109,1,0
47,10.220.81.118,1,0
47,10.220.81.66,1,0
47,10.220.82.136,1,0
47,10.220.82.156,1,0
47,10.220.84.20,1,0
47,10.220.9.37,1,0
47,10.220.90.11,1,4
47,10.220.90.3,1,4
47,10.220.97.10,1,27
47,10.220.99.171,1,18
47,10.220.99.172,1,18
47,10.220.99.173,1,18
47,10.220.99.174,1,18
47,10.220.99.175,1,18
47,10.220.99.179,1,18
47,10.220.99.181,1,18
47,10.220.99.182,1,18
47,10.220.99.183,1,18
47,10.220.99.184,1,18
47,10.220.99.185,1,18
47,10.220.99.186,1,18
47,10.221.144.103,1,6
47,10.221.144.104,1,6
47,10.221.144.135,1,6
47,10.221.144.136,1,6
47,10.221.144.23,1,6
47,10.221.144.25,1,6
47,10.221.144.55,1,1
47,10.221.144.56,1,1
47,10.221.144.7,1,1
47,10.221.144.87,1,1
47,10.221.144.88,1,1
47,10.221.144.9,1,1
47,10.221.145.118,1,6
47,10.221.145.120,1,6
47,10.221.145.135,1,6
47,10.221.145.136,1,6
47,10.221.145.151,1,6
47,10.221.145.152,1,6
47,10.221.145.167,1,6
47,10.221.145.168,1,6
47,10.221.145.23,1,6
47,10.221.145.24,1,6
47,10.221.145.40,1,6
47,10.221.145.42,1,6
47,10.221.145.55,1,6
47,10.221.145.58,1,6
47,10.221.145.7,1,6
47,10.221.145.71,1,6
47,10.221.145.73,1,6
47,10.221.145.8,1,6
47,10.221.145.88,1,6
47,10.221.145.89,1,6
47,10.221.146.55,1,6
47,10.221.147.1,1,6
47,10.221.147.100,1,6
47,10.221.147.105,1,6
47,10.221.147.108,1,6
47,10.221.147.113,1,6
47,10.221.147.116,1,6
47,10.221.147.12,1,6
47,10.221.147.121,1,6
47,10.221.147.124,1,6
47,10.221.147.129,1,6
47,10.221.147.132,1,6
47,10.221.147.137,1,6
47,10.221.147.140,1,6
47,10.221.147.145,1,6
47,10.221.147.148,1,6
47,10.221.147.153,1,6
47,10.221.147.156,1,6
47,10.221.147.165,1,1
47,10.221.147.169,1,6
47,10.221.147.17,1,6
47,10.221.147.173,1,6
47,10.221.147.177,1,6
47,10.221.147.181,1,6
47,10.221.147.185,1,6
47,10.221.147.189,1,6
47,10.221.147.193,1,6
47,10.221.147.197,1,6
47,10.221.147.20,1,6
47,10.221.147.201,1,6
47,10.221.147.205,1,6
47,10.221.147.209,1,6
47,10.221.147.213,1,6
47,10.221.147.25,1,6
47,10.221.147.28,1,6
47,10.221.147.33,1,6
47,10.221.147.36,1,6
47,10.221.147.4,1,6
47,10.221.147.41,1,6
47,10.221.147.44,1,6
47,10.221.147.49,1,6
47,10.221.147.52,1,6
47,10.221.147.57,1,6
47,10.221.147.60,1,6
47,10.221.147.65,1,6
47,10.221.147.68,1,6
47,10.221.147.73,1,6
47,10.221.147.76,1,6
47,10.221.147.81,1,6
47,10.221.147.84,1,6
47,10.221.147.89,1,6
47,10.221.147.9,1,6
47,10.221.147.92,1,6
47,10.221.147.97,1,6
47,10.221.148.118,1,7
47,10.221.148.119,1,7
47,10.222.0.122,1,14
47,10.222.0.123,1,14
47,10.222.0.128,1,14
47,10.222.0.129,1,14
47,10.222.0.134,1,14
47,10.222.0.140,1,14
47,10.222.0.146,1,14
47,10.222.0.152,1,14
47,10.222.0.158,1,14
47,10.222.0.165,1,14
47,10.222.11.105,1,0
47,10.222.11.109,1,0
47,10.222.11.126,1,0
47,10.222.11.127,1,0
47,10.222.11.135,1,0
47,10.222.12.101,1,28
47,10.222.12.102,1,28
47,10.222.12.110,1,28
47,10.222.12.128,1,28
47,10.222.12.134,1,28
47,10.222.12.150,1,28
47,10.222.12.19,5,28
47,10.222.129.100,1,5
47,10.222.129.101,1,5
47,10.222.129.102,1,5
47,10.222.129.103,1,5
47,10.222.129.105,1,5
47,10.222.129.108,1,5
47,10.222.129.11,1,5
47,10.222.129.110,1,5
47,10.222.129.113,1,5
47,10.222.129.114,1,5
47,10.222.129.115,1,5
47,10.222.129.118,1,5
47,10.222.129.12,1,5
47,10.222.129.120,1,5
47,10.222.129.123,1,5
47,10.222.129.124,1,5
47,10.222.129.125,1,5
47,10.222.129.128,1,5
47,10.222.129.129,1,5
47,10.222.129.13,1,5
47,10.222.129.133,1,5
47,10.222.129.135,1,5
47,10.222.129.14,1,5
47,10.222.129.141,1,5
47,10.222.129.143,1,5
47,10.222.129.15,1,5
47,10.222.129.17,1,5
47,10.222.129.18,1,5
47,10.222.129.19,1,5
47,10.222.129.2,1,5
47,10.222.129.20,1,5
47,10.222.129.21,1,5
47,10.222.129.23,1,5
47,10.222.129.233,1,5
47,10.222.129.25,1,5
47,10.222.129.26,1,5
47,10.222.129.27,1,5
47,10.222.129.28,1,5
47,10.222.129.29,1,5
47,10.222.129.31,1,5
47,10.222.129.32,1,5
47,10.222.129.33,1,5
47,10.222.129.34,1,5
47,10.222.129.35,1,5
47,10.222.129.36,1,5
47,10.222.129.37,1,5
47,10.222.129.38,1,5
47,10.222.129.39,1,5
47,10.222.129.40,1,5
47,10.222.129.41,1,5
47,10.222.129.42,1,5
47,10.222.129.43,1,5
47,10.222.129.45,1,5
47,10.222.129.5,1,5
47,10.222.129.50,1,5
47,10.222.129.51,1,5
47,10.222.129.53,1,5
47,10.222.129.54,1,5
47,10.222.129.55,1,5
47,10.222.129.56,2,5
47,10.222.129.57,1,5
47,10.222.129.58,1,5
47,10.222.129.59,1,5
47,10.222.129.6,1,5
47,10.222.129.60,1,5
47,10.222.129.61,1,5
47,10.222.129.62,1,5
47,10.222.129.70,1,5
47,10.222.129.71,1,5
47,10.222.129.72,1,5
47,10.222.129.73,3,5
47,10.222.129.74,1,5
47,10.222.129.78,1,5
47,10.222.129.8,1,5
47,10.222.129.92,1,5
47,10.222.129.94,1,5
47,10.222.129.95,1,5
47,10.222.129.97,1,5
47,10.222.129.99,1,5
47,10.222.13.102,1,23
47,10.222.13.103,1,23
47,10.222.13.109,1,23
47,10.222.13.119,1,23
47,10.222.13.121,1,23
47,10.222.13.142,1,23
47,10.222.13.144,1,23
47,10.222.13.19,6,23
47,10.222.130.10,1,5
47,10.222.130.11,1,5
47,10.222.130.12,1,5
47,10.222.130.13,1,5
47,10.222.130.25,1,5
47,10.222.130.27,1,5
47,10.222.130.28,1,5
47,10.222.130.49,1,5
47,10.222.130.51,1,5
47,10.222.130.52,1,5
47,10.222.130.53,1,5
47,10.222.130.54,1,5
47,10.222.130.55,1,5
47,10.222.130.56,1,5
47,10.222.130.57,1,5
47,10.222.130.58,1,5
47,10.222.130.59,1,5
47,10.222.130.60,1,5
47,10.222.130.62,1,5
47,10.222.130.63,1,5
47,10.222.130.69,1,5
47,10.222.130.72,1,5
47,10.222.130.86,1,5
47,10.222.130.9,1,5
47,10.222.14.122,1,19
47,10.222.14.123,1,19
47,10.222.14.124,1,19
47,10.222.14.128,1,19
47,10.222.14.130,1,19
47,10.222.14.131,1,19
47,10.222.14.140,1,19
47,10.222.14.19,7,19
47,10.222.15.126,1,25
47,10.222.15.129,1,25
47,10.222.15.134,1,25
47,10.222.15.135,1,25
47,10.222.15.20,5,25
47,10.222.156.11,1,48
47,10.222.158.10,1,2
47,10.222.158.101,1,2
47,10.222.158.102,1,2
47,10.222.158.104,1,2
47,10.222.158.108,1,2
47,10.222.158.109,1,2
47,10.222.158.11,1,2
47,10.222.158.110,1,2
47,10.222.158.111,1,2
47,10.222.158.112,1,2
47,10.222.158.113,1,2
47,10.222.158.115,1,2
47,10.222.158.116,1,2
47,10.222.158.117,1,2
47,10.222.158.118,5,2
47,10.222.158.119,1,2
47,10.222.158.12,1,2
47,10.222.158.120,2,2
47,10.222.158.122,1,2
47,10.222.158.123,1,2
47,10.222.158.124,1,2
47,10.222.158.125,1,2
47,10.222.158.126,1,2
47,10.222.158.127,1,2
47,10.222.158.128,1,2
47,10.222.158.129,1,2
47,10.222.158.13,1,2
47,10.222.158.130,1,2
47,10.222.158.131,1,2
47,10.222.158.132,1,2
47,10.222.158.133,1,2
47,10.222.158.134,1,2
47,10.222.158.135,1,2
47,10.222.158.136,1,2
47,10.222.158.137,1,2
47,10.222.158.138,1,2
47,10.222.158.139,1,2
47,10.222.158.14,1,2
47,10.222.158.140,1,2
47,10.222.158.141,1,2
47,10.222.158.142,1,2
47,10.222.158.143,2,2
47,10.222.158.144,1,2
47,10.222.158.145,1,2
47,10.222.158.146,1,2
47,10.222.158.147,1,2
47,10.222.158.148,1,2
47,10.222.158.149,1,2
47,10.222.158.15,1,2
47,10.222.158.150,1,2
47,10.222.158.151,1,2
47,10.222.158.152,1,2
47,10.222.158.154,1,2
47,10.222.158.155,1,2
47,10.222.158.156,1,2
47,10.222.158.157,1,2
47,10.222.158.158,1,2
47,10.222.158.159,1,2
47,10.222.158.16,1,2
47,10.222.158.160,1,2
47,10.222.158.161,2,2
47,10.222.158.162,1,2
47,10.222.158.164,1,2
47,10.222.158.165,1,2
47,10.222.158.166,1,2
47,10.222.158.167,1,2
47,10.222.158.168,1,2
47,10.222.158.169,1,2
47,10.222.158.170,1,2
47,10.222.158.171,1,2
47,10.222.158.172,1,2
47,10.222.158.173,1,2
47,10.222.158.174,1,2
47,10.222.158.175,1,2
47,10.222.158.176,1,2
47,10.222.158.177,1,2
47,10.222.158.178,1,2
47,10.222.158.179,2,2
47,10.222.158.18,1,2
47,10.222.158.180,2,2
47,10.222.158.181,1,2
47,10.222.158.182,1,2
47,10.222.158.183,1,2
47,10.222.158.184,1,2
47,10.222.158.185,1,2
47,10.222.158.186,1,2
47,10.222.158.187,1,2
47,10.222.158.188,1,2
47,10.222.158.189,1,2
47,10.222.158.19,1,2
47,10.222.158.190,1,2
47,10.222.158.191,1,2
47,10.222.158.193,1,2
47,10.222.158.194,1,2
47,10.222.158.195,1,2
47,10.222.158.196,1,2
47,10.222.158.198,1,2
47,10.222.158.199,1,2
47,10.222.158.2,1,2
47,10.222.158.20,1,2
47,10.222.158.200,1,2
47,10.222.158.201,1,2
47,10.222.158.203,1,2
47,10.222.158.204,1,2
47,10.222.158.205,1,2
47,10.222.158.206,1,2
47,10.222.158.207,1,2
47,10.222.158.208,1,2
47,10.222.158.21,1,2
47,10.222.158.212,1,2
47,10.222.158.213,1,2
47,10.222.158.214,1,2
47,10.222.158.216,1,2
47,10.222.158.218,1,2
47,10.222.158.219,1,2
47,10.222.158.22,1,2
47,10.222.158.220,1,2
47,10.222.158.221,1,2
47,10.222.158.222,1,2
47,10.222.158.223,1,2
47,10.222.158.224,1,2
47,10.222.158.225,1,2
47,10.222.158.227,1,2
47,10.222.158.228,1,2
47,10.222.158.23,1,2
47,10.222.158.231,3,2
47,10.222.158.235,1,2
47,10.222.158.236,1,2
47,10.222.158.237,1,2
47,10.222.158.24,1,2
47,10.222.158.240,1,2
47,10.222.158.242,1,2
47,10.222.158.243,1,2
47,10.222.158.25,1,2
47,10.222.158.26,1,2
47,10.222.158.27,1,2
47,10.222.158.28,1,2
47,10.222.158.29,1,2
47,10.222.158.30,1,2
47,10.222.158.31,1,2
47,10.222.158.32,1,2
47,10.222.158.33,1,2
47,10.222.158.35,1,2
47,10.222.158.36,1,2
47,10.222.158.37,1,2
47,10.222.158.38,1,2
47,10.222.158.39,1,2
47,10.222.158.4,1,2
47,10.222.158.40,1,2
47,10.222.158.41,2,2
47,10.222.158.42,2,2
47,10.222.158.43,2,2
47,10.222.158.45,1,2
47,10.222.158.46,1,2
47,10.222.158.47,1,2
47,10.222.158.48,1,2
47,10.222.158.49,1,2
47,10.222.158.5,1,2
47,10.222.158.50,1,2
47,10.222.158.51,1,2
47,10.222.158.53,1,2
47,10.222.158.54,1,2
47,10.222.158.55,1,2
47,10.222.158.56,1,2
47,10.222.158.57,1,2
47,10.222.158.58,1,2
47,10.222.158.59,1,2
47,10.222.158.6,1,2
47,10.222.158.60,1,2
47,10.222.158.61,1,2
47,10.222.158.62,1,2
47,10.222.158.63,1,2
47,10.222.158.64,1,2
47,10.222.158.65,1,2
47,10.222.158.66,1,2
47,10.222.158.67,1,2
47,10.222.158.68,1,2
47,10.222.158.69,1,2
47,10.222.158.70,1,2
47,10.222.158.71,1,2
47,10.222.158.72,1,2
47,10.222.158.73,1,2
47,10.222.158.74,1,2
47,10.222.158.75,1,2
47,10.222.158.76,1,2
47,10.222.158.77,1,2
47,10.222.158.78,1,2
47,10.222.158.79,1,2
47,10.222.158.8,1,2
47,10.222.158.80,1,2
47,10.222.158.82,1,2
47,10.222.158.83,1,2
47,10.222.158.84,1,2
47,10.222.158.85,2,2
47,10.222.158.86,1,2
47,10.222.158.87,1,2
47,10.222.158.88,1,2
47,10.222.158.89,1,2
47,10.222.158.9,1,2
47,10.222.158.90,1,2
47,10.222.158.91,2,2
47,10.222.158.93,1,2
47,10.222.158.94,1,2
47,10.222.158.95,1,2
47,10.222.158.96,1,2
47,10.222.158.97,1,2
47,10.222.158.98,1,2
47,10.222.158.99,1,2
47,10.222.159.19,1,2
47,10.222.159.2,1,2
47,10.222.159.20,1,2
47,10.222.159.21,1,2
47,10.222.159.22,1,2
47,10.222.159.25,1,2
47,10.222.159.26,1,2
47,10.222.159.3,1,2
47,10.222.159.7,1,2
47,10.222.159.8,1,2
47,10.222.16.126,1,29
47,10.222.16.129,1,29
47,10.222.16.137,1,29
47,10.222.16.138,1,29
47,10.222.16.140,1,29
47,10.222.16.20,8,29
47,10.222.160.1,1,2
47,10.222.160.10,1,2
47,10.222.160.100,1,2
47,10.222.160.101,1,2
47,10.222.160.102,1,2
47,10.222.160.103,1,2
47,10.222.160.104,1,2
47,10.222.160.105,1,2
47,10.222.160.107,1,2
47,10.222.160.108,1,2
47,10.222.160.109,1,2
47,10.222.160.11,1,2
47,10.222.160.110,1,2
47,10.222.160.111,1,2
47,10.222.160.115,1,2
47,10.222.160.116,1,2
47,10.222.160.117,1,2
47,10.222.160.12,1,2
47,10.222.160.13,1,2
47,10.222.160.14,1,2
47,10.222.160.15,1,2
47,10.222.160.16,1,2
47,10.222.160.17,1,2
47,10.222.160.18,1,2
47,10.222.160.19,1,2
47,10.222.160.20,1,2
47,10.222.160.22,1,2
47,10.222.160.25,1,2
47,10.222.160.26,1,2
47,10.222.160.28,1,2
47,10.222.160.32,1,2
47,10.222.160.34,1,2
47,10.222.160.36,1,2
47,10.222.160.37,1,2
47,10.222.160.38,1,2
47,10.222.160.4,1,2
47,10.222.160.40,1,2
47,10.222.160.41,1,2
47,10.222.160.42,1,2
47,10.222.160.43,1,2
47,10.222.160.44,1,2
47,10.222.160.45,1,2
47,10.222.160.46,1,2
47,10.222.160.48,1,2
47,10.222.160.5,1,2
47,10.222.160.50,1,2
47,10.222.160.51,1,2
47,10.222.160.53,1,2
47,10.222.160.54,1,2
47,10.222.160.55,1,2
47,10.222.160.57,1,2
47,10.222.160.58,1,2
47,10.222.160.60,1,2
47,10.222.160.61,1,2
47,10.222.160.62,1,2
47,10.222.160.63,1,2
47,10.222.160.64,1,2
47,10.222.160.65,1,2
47,10.222.160.66,1,2
47,10.222.160.67,1,2
47,10.222.160.69,1,2
47,10.222.160.7,1,2
47,10.222.160.70,1,2
47,10.222.160.71,1,2
47,10.222.160.73,1,2
47,10.222.160.75,1,2
47,10.222.160.78,1,2
47,10.222.160.81,1,2
47,10.222.160.82,1,2
47,10.222.160.83,1,2
47,10.222.160.85,1,2
47,10.222.160.86,1,2
47,10.222.160.87,1,2
47,10.222.160.90,1,2
47,10.222.160.94,1,2
47,10.222.160.95,1,2
47,10.222.160.98,1,2
47,10.222.18.126,1,40
47,10.222.18.20,5,40
47,10.222.19.10,1,39
47,10.222.19.106,1,0
47,10.222.19.114,1,0
47,10.222.19.116,1,0
47,10.222.19.131,3,0
47,10.222.19.146,1,0
47,10.222.19.156,1,0
47,10.222.19.195,4,30
47,10.222.19.206,1,30
47,10.222.19.220,1,30
47,10.222.19.3,5,39
47,10.222.19.35,2,58
47,10.222.19.67,2,7
47,10.222.19.76,1,7
47,10.222.19.78,1,7
47,10.222.19.99,4,0
47,10.222.20.101,1,0
47,10.222.20.102,1,0
47,10.222.20.103,1,0
47,10.222.20.104,1,0
47,10.222.20.105,1,0
47,10.222.21.101,1,0
47,10.222.21.102,1,0
47,10.222.21.104,1,0
47,10.222.23.101,1,0
47,10.222.23.102,1,0
47,10.222.23.103,1,0
47,10.222.23.104,1,0
47,10.222.23.107,1,0
47,10.222.23.125,1,0
47,10.222.23.18,1,0
47,10.222.235.122,1,24
47,10.222.235.222,1,24
47,10.222.235.24,2,24
47,10.222.235.25,1,24
47,10.222.235.26,1,24
47,10.222.235.27,2,24
47,10.222.235.28,1,24
47,10.222.236.109,1,21
47,10.222.236.129,1,21
47,10.222.236.149,1,21
47,10.222.236.169,1,21
47,10.222.236.189,1,21
47,10.222.236.29,1,21
47,10.222.236.49,1,21
47,10.222.236.69,1,21
47,10.222.236.89,1,21
47,10.222.237.121,1,1
47,10.222.238.121,1,1
47,10.222.239.5,1,1
47,10.222.240.2,1,1
47,10.222.242.121,1,1
47,10.222.242.122,1,1
47,10.222.243.125,1,1
47,10.222.243.126,1,1
47,10.222.243.20,1,1
47,10.222.244.127,1,1
47,10.222.244.130,1,1
47,10.222.244.20,4,1
47,10.222.245.127,1,1
47,10.222.245.20,9,1
47,10.222.246.128,1,1
47,10.222.246.129,1,1
47,10.222.246.130,1,1
47,10.222.246.131,1,1
47,10.222.246.20,3,1
47,10.222.247.10,1,1
47,10.222.247.12,1,1
47,10.222.247.130,1,1
47,10.222.247.139,1,1
47,10.222.247.14,1,1
47,10.222.247.147,1,1
47,10.222.247.3,1,1
47,10.222.247.67,3,1
47,10.222.247.96,1,1
47,10.222.248.20,2,1
47,10.222.249.124,1,1
47,10.222.249.20,3,1
47,10.222.25.123,1,0
47,10.222.25.19,2,0
47,10.222.250.20,8,1
47,10.222.251.127,1,1
47,10.222.251.20,3,1
47,10.222.253.125,1,1
47,10.222.253.126,1,1
47,10.222.253.128,1,1
47,10.222.253.20,11,1
47,10.222.254.103,1,1
47,10.222.254.109,1,1
47,10.222.254.115,1,1
47,10.222.254.141,1,1
47,10.222.254.142,1,1
47,10.222.254.20,11,1
47,10.222.26.19,6,0
47,10.222.27.121,1,32
47,10.222.27.122,1,32
47,10.222.27.123,1,32
47,10.222.27.124,1,32
47,10.222.27.125,1,32
47,10.222.28.125,1,0
47,10.222.28.20,3,0
47,10.222.29.123,1,0
47,10.222.29.126,1,0
47,10.222.29.128,1,0
47,10.222.29.129,1,0
47,10.222.29.130,1,0
47,10.222.29.20,5,0
47,10.222.31.126,1,7
47,10.222.31.19,3,7
47,10.222.32.126,1,7
47,10.222.32.127,1,7
47,10.222.32.20,4,7
47,10.222.33.124,1,20
47,10.222.33.141,2,20
47,10.222.33.142,1,20
47,10.222.33.20,13,20
47,10.222.34.122,1,0
47,10.222.34.123,1,0
47,10.222.34.126,1,0
47,10.222.34.127,1,0
47,10.222.34.128,1,0
47,10.222.34.141,1,0
47,10.222.34.142,1,0
47,10.222.34.143,1,0
47,10.222.35.11,1,0
47,10.222.35.14,1,0
47,10.222.35.9,1,0
47,10.222.36.19,3,0
47,10.222.36.25,1,0
47,10.222.36.27,1,0
47,10.222.36.28,1,0
47,10.222.36.29,1,0
47,10.222.36.66,1,0
47,10.222.38.11,1,0
47,10.222.38.9,1,0
47,10.222.41.121,1,1
47,10.222.41.123,1,1
47,10.222.41.124,1,1
47,10.222.41.126,1,1
47,10.222.41.20,1,1
47,10.222.42.19,4,49
47,10.222.43.17,1,17
47,10.222.43.23,3,17
47,10.222.43.24,3,17
47,10.222.43.25,1,17
47,10.222.43.29,1,17
47,10.222.43.34,1,17
47,10.222.43.42,1,17
47,10.222.43.50,1,17
47,10.222.43.7,1,17
47,10.222.43.8,1,17
47,10.222.43.9,1,17
47,10.222.45.3,1,22
47,10.222.45.65,1,22
47,10.222.45.76,1,22
47,10.222.45.77,1,22
47,10.222.45.81,1,22
47,10.222.47.12,1,0
47,10.222.47.16,1,0
47,10.222.47.20,1,0
47,10.222.47.25,1,0
47,10.222.47.33,1,0
47,10.222.47.37,1,0
47,10.222.47.40,1,0
47,10.222.47.45,1,0
47,10.222.47.8,1,0
47,10.222.50.11,1,0
47,10.222.50.15,1,0
47,10.222.50.18,1,0
47,10.222.50.7,1,0
47,10.222.51.121,1,0
47,10.222.51.122,1,0
47,10.222.51.124,1,0
47,10.222.51.126,1,0
47,10.222.52.12,1,1
47,10.222.52.20,1,1
47,10.222.52.21,1,1
47,10.222.52.24,1,1
47,10.222.52.29,1,1
47,10.222.52.8,1,1
47,10.222.53.121,1,27
47,10.222.53.122,1,27
47,10.222.53.123,1,27
47,10.222.53.124,1,27
47,10.222.53.125,1,27
47,10.222.53.126,1,27
47,10.222.53.127,1,27
47,10.222.53.128,1,27
47,10.222.53.129,1,27
47,10.222.54.121,2,12
47,10.222.54.122,1,12
47,10.222.54.123,1,12
47,10.222.54.124,2,12
47,10.222.54.125,1,12
47,10.222.54.128,2,12
47,10.222.54.129,1,12
47,10.222.54.130,1,12
47,10.222.54.131,2,12
47,10.222.55.121,1,1
47,10.222.55.122,1,1
47,10.222.55.123,1,1
47,10.222.55.24,1,1
47,10.222.55.25,1,1
47,10.222.56.121,1,26
47,10.222.56.122,1,26
47,10.222.56.123,1,26
47,10.222.56.125,1,26
47,10.222.8.124,1,0
47,10.222.8.126,1,0
47,10.222.8.22,1,0
47,10.224.10.12,1,9
47,10.224.10.14,1,9
47,10.224.10.16,2,9
47,10.224.10.17,1,9
47,10.224.10.18,2,9
47,10.224.10.19,1,9
47,10.224.10.21,1,9
47,10.224.10.24,1,9
47,10.224.10.27,1,9
47,10.224.10.30,1,9
47,10.224.10.31,1,9
47,10.224.10.33,1,9
47,10.224.10.35,1,9
47,10.224.10.36,1,9
47,10.224.10.37,1,9
47,10.224.10.38,1,9
47,10.224.10.39,1,9
47,10.224.10.49,1,9
47,10.224.10.52,2,9
47,10.224.10.53,1,9
47,10.224.10.54,1,9
47,10.224.10.57,1,9
47,10.224.10.58,1,9
47,10.224.127.10,1,9
47,10.224.127.13,1,9
47,10.224.127.14,1,9
47,10.224.127.18,1,50
47,10.224.127.6,1,50
47,10.224.127.9,1,9
47,10.224.13.14,3,9
47,10.224.13.30,4,9
47,10.224.13.31,1,9
47,10.224.14.134,1,9
47,10.224.14.142,1,9
47,10.224.14.166,1,9
47,10.224.14.167,1,9
47,10.224.14.187,1,9
47,10.224.14.198,1,9
47,10.224.14.205,1,9
47,10.224.14.227,1,9
47,10.224.14.231,1,9
47,10.224.15.20,1,9
47,10.224.160.10,4,9
47,10.224.160.2,1,9
47,10.224.160.227,1,9
47,10.224.19.11,1,7
47,10.224.19.17,1,7
47,10.224.19.18,1,7
47,10.224.2.253,1,6
47,10.224.2.254,1,6
47,10.224.2.37,1,6
47,10.224.2.38,1,6
47,10.224.231.20,1,6
47,10.224.231.24,1,6
47,10.224.233.12,2,6
47,10.224.233.13,1,6
47,10.224.233.17,1,6
47,10.224.233.18,1,6
47,10.224.233.20,1,6
47,10.224.26.12,1,7
47,10.224.26.13,1,7
47,10.224.26.32,1,7
47,10.224.26.34,1,7
47,10.224.28.30,1,6
47,10.224.4.20,1,9
47,10.224.4.21,1,9
47,10.224.7.13,1,9
47,10.224.7.14,1,9
47,10.224.7.20,1,9
47,10.224.7.21,1,9
47,10.224.8.21,1,9
47,10.224.8.22,1,9
47,10.224.8.25,1,9
47,10.224.97.10,1,9
47,10.224.97.40,1,9
47,10.224.97.90,3,50
47,10.230.76.22,1,50
47,10.248.165.69,4,1
47,10.248.165.72,5,1
47,10.25.14.101,1,10
47,10.25.14.102,1,10
47,10.25.14.105,1,10
47,10.25.14.106,1,10
47,10.25.14.112,1,10
47,10.25.14.114,1,10
47,10.25.14.119,1,10
47,10.25.14.125,1,10
47,10.25.14.65,1,10
47,10.25.14.69,1,10
47,10.25.14.76,1,10
47,10.25.14.81,1,10
47,10.25.14.83,1,10
47,10.25.14.86,1,10
47,10.25.14.89,1,10
47,10.25.14.94,1,10
47,10.25.14.95,1,10
47,10.25.14.98,1,10
47,10.250.247.133,1,7
47,10.252.241.137,1,4
47,10.252.241.138,1,4
47,10.252.248.77,1,4
47,10.252.248.78,1,4
47,10.252.3.58,1,0
47,10.252.4.18,1,0
47,10.252.4.2,1,0
47,10.252.5.122,1,0
47,10.252.5.2,1,0
47,10.252.5.66,1,0
47,10.252.5.82,1,0
47,10.32.193.17,1,16
47,10.32.199.14,1,16
47,10.37.202.140,1,16
47,10.37.252.30,1,16
47,10.40.63.133,1,72
47,10.40.63.134,1,72
47,127.0.0.1,1,10
47,138.55.52.128,2,72
47,166.158.158.23,1,16
47,172.25.157.222,1,72
47,192.168.51.34,1,72
47,212.39.181.2,1,50
47,212.39.181.26,1,50
47,32.3.16.141,1,7
47,32.3.16.142,1,7
47,32.3.193.253,1,7
47,32.3.193.254,1,7
47,32.3.32.246,1,7
47,32.49.181.50,1,7
47,32.5.177.157,1,7
47,32.5.177.158,1,73
